bd_in_length_total,bd_in_length_var,bd_out_length_diff,bd_validity_group,boundary_rank,cumulative_fitness,curiosity,elapsed_millis,fitness,fitness_max,fitness_ratio_max,i1_1,i1_2,i1_3,i2_1,i2_2,i2_3,output1,output2
116,0,0,2,1,1.7625241620185355e-17,0.0,26353564,1.7405076144996543e-18,1.7125903374003173e-16,0.010163011997029686,1530598841283764192,5768361607085206130,-6720235904977926696,1577999606623705258,5997374930034574535,-6663344128665238084,"ArgumentError(""Month: 5768361607085206130 out of range (1:12)"")","ArgumentError(""Month: 5997374930034574535 out of range (1:12)"")"
117,0,0,2,1,1.585514976226631e-17,0.0,26133356,1.1790208538648414e-18,5.525872923739976e-18,0.2133637291584451,-1248062046864996758,8941651991111758017,-9047342606980414272,-967526962807361914,9204534530742228839,-9111026540001095060,"ArgumentError(""Month: 8941651991111758017 out of range (1:12)"")","ArgumentError(""Month: 9204534530742228839 out of range (1:12)"")"
114,0,0,2,1,2.1193157945075172e-17,0.0,29469350,1.123776838965123e-18,3.048675139892658e-16,0.0036861154022618838,3240283083545780731,-8636812360664769524,718750174102675633,3179660123696034454,-8282075394077649741,693670848466290255,"ArgumentError(""Month: -8636812360664769524 out of range (1:12)"")","ArgumentError(""Month: -8282075394077649741 out of range (1:12)"")"
119,0,1,2,1,1.2615826704290204e-17,0.0,21331094,1.0685455889699295e-18,2.7809963339793913e-18,0.38423121092034057,-3133952968385430741,-992120880102697854,-8394657921226771976,-3302379849828334466,-1263730736745835533,-8665111955294130879,"ArgumentError(""Month: -992120880102697854 out of range (1:12)"")","ArgumentError(""Month: -1263730736745835533 out of range (1:12)"")"
120,0,0,2,1,6.296373394626551e-18,0.0,10660007,7.985817590264319e-19,9.129579161427523e-18,0.08747191353577832,-4586961446830665134,-6053026025752541144,-4613918093494189454,-5026143299818545040,-6286655339578236573,-4614505152098774819,"ArgumentError(""Month: -6053026025752541144 out of range (1:12)"")","ArgumentError(""Month: -6286655339578236573 out of range (1:12)"")"
118,0,0,2,1,1.4191140446805258e-17,0.0,25408073,7.414397554192385e-19,2.6110343716003297e-17,0.028396399659986186,-6675739181585448125,-3693285171845684761,4126336271510898838,-6881901874185163218,-4249083550949404848,4238808896217918191,"ArgumentError(""Month: -3693285171845684761 out of range (1:12)"")","ArgumentError(""Month: -4249083550949404848 out of range (1:12)"")"
115,0,0,2,1,1.9993523769922075e-17,0.0,28986907,6.434812427874242e-19,2.1887095810752716e-17,0.0294000285991024,1256908370297848408,-4399375737541383418,1510149568312259981,679389084532008433,-4311048502727116073,1310638978937776628,"ArgumentError(""Month: -4399375737541383418 out of range (1:12)"")","ArgumentError(""Month: -4311048502727116073 out of range (1:12)"")"
113,1,0,2,1,9.720158315403967e-19,0.0,1735531,4.729519221577889e-19,1.3180930555207246e-16,0.0035881527497384842,91791206830068355,6654416278110251198,-4884291204258848280,106799577104516046,6287115816034796511,-5497226527735126061,"ArgumentError(""Month: 6654416278110251198 out of range (1:12)"")","ArgumentError(""Month: 6287115816034796511 out of range (1:12)"")"
115,0,1,2,1,1.819022969454803e-17,0.0,27590564,4.678647283828123e-19,9.587242284208524e-18,0.04880076194104829,5539951537508260365,-1559467616556244172,1632492317532115456,5459007762715946437,-626309838843143798,1824761511713482238,"ArgumentError(""Month: -1559467616556244172 out of range (1:12)"")","ArgumentError(""Month: -626309838843143798 out of range (1:12)"")"
114,0,1,2,1,8.027899257705972e-18,0.0,13276964,4.559451171388419e-19,5.344369459400885e-18,0.08531317316336029,-143796275549701568,-362342966441101095,-6639372008911727394,-71948228385228094,-52694053540069683,-5745796853366378668,"ArgumentError(""Month: -362342966441101095 out of range (1:12)"")","ArgumentError(""Month: -52694053540069683 out of range (1:12)"")"
113,1,1,2,1,3.0036941748784394e-18,0.0,5979859,4.493480413292416e-19,5.588121832185248e-17,0.008041128214871488,5931512934798833220,226470459714315491,-3779174573992145572,5741616921058147542,74959061827332767,-4710362721778535835,"ArgumentError(""Month: 226470459714315491 out of range (1:12)"")","ArgumentError(""Month: 74959061827332767 out of range (1:12)"")"
113,0,0,2,1,3.530542609183654e-18,0.0,6985244,3.83239162992663e-19,5.939585993160734e-17,0.006452287473132842,4871355359106059583,2579772616980784904,1606451473443992096,4488443305860875372,2327745334323560879,591889843458995239,"ArgumentError(""Month: 2579772616980784904 out of range (1:12)"")","ArgumentError(""Month: 2327745334323560879 out of range (1:12)"")"
115,1,3,2,1,8.533184727298274e-18,0.0,13776959,3.8158198869542754e-19,3.860504919933728e-19,0.9884250806808401,-3568301166140480853,-1045641141006359874,5042737191437824968,-3968289464814568045,16195624653089445,4837460765320606565,"ArgumentError(""Month: -1045641141006359874 out of range (1:12)"")","ArgumentError(""Month: 16195624653089445 out of range (1:12)"")"
117,0,1,2,1,1.010758043156736e-17,0.0,16294380,3.7120503150476134e-19,4.671110833980065e-18,0.07946825598836679,6821622415936157441,-1480353365477198312,-7101977959073494132,7467541288442597049,-831291730356300369,-6854417252120786867,"ArgumentError(""Month: -1480353365477198312 out of range (1:12)"")","ArgumentError(""Month: -831291730356300369 out of range (1:12)"")"
114,1,2,2,1,5.497791635600119e-18,0.0,9850221,3.69242396060459e-19,1.4000245573455964e-18,0.26373994236253345,3174024327674394152,1232683746082868112,-1601316663831330531,3059999091679176234,89244642539157377,-1554151737541867677,"ArgumentError(""Month: 1232683746082868112 out of range (1:12)"")","ArgumentError(""Month: 89244642539157377 out of range (1:12)"")"
114,1,0,2,1,1.4676128908401467e-17,0.0,26122930,3.1411590852183844e-19,3.3457766761097727e-18,0.09388430219050654,7567541258857710359,-2776448624523108636,1008080794251679860,7609723065316684795,-3455383647144815869,66543514372627824,"ArgumentError(""Month: -2776448624523108636 out of range (1:12)"")","ArgumentError(""Month: -3455383647144815869 out of range (1:12)"")"
113,0,1,2,1,7.314145565122138e-18,0.0,13053620,3.032828709699953e-19,3.0892048417951536e-17,0.009817506008884667,5457777417832151110,1503980281122451659,6035905008286126372,4369913780580134092,905450278719037936,5618692197717098183,"ArgumentError(""Month: 1503980281122451659 out of range (1:12)"")","ArgumentError(""Month: 905450278719037936 out of range (1:12)"")"
119,0,0,2,1,3.9196928033806475e-18,0.0,7137663,2.883139060660293e-19,4.122156402033302e-18,0.0699424956131735,-1503541019943592358,-4076724390464608472,-6218840933734245151,-263668597631063115,-4716481192294779458,-6043868749064349458,"ArgumentError(""Month: -4076724390464608472 out of range (1:12)"")","ArgumentError(""Month: -4716481192294779458 out of range (1:12)"")"
113,1,2,2,1,1.9719069090503696e-18,0.0,4498483,2.8664163588111484e-19,1.9126089052331064e-18,0.1498694453930608,1311191501263448429,1022996644344180624,-7370972782675729373,116035921999220334,93017973176167397,-7896376349354096041,"ArgumentError(""Month: 1022996644344180624 out of range (1:12)"")","ArgumentError(""Month: 93017973176167397 out of range (1:12)"")"
111,2,1,2,1,9.14910086411366e-18,0.0,15670192,2.663493279709976e-19,4.2644434721569785e-17,0.00624581682721372,-3308031640617565638,2608827093507952,5590423700564034276,-4915714349018891184,-5463468644652573,5421942075816305900,"ArgumentError(""Month: 2608827093507952 out of range (1:12)"")","ArgumentError(""Month: -5463468644652573 out of range (1:12)"")"
115,2,0,2,1,1.935004252713465e-17,0.0,28986048,2.631565444356131e-19,1.0669913969150762e-17,0.024663417642959515,3464674989288081,-4963626723095878861,-6824514839746988279,1224588434511872159,-5837181331360031060,-6140199817547662727,"ArgumentError(""Month: -4963626723095878861 out of range (1:12)"")","ArgumentError(""Month: -5837181331360031060 out of range (1:12)"")"
116,1,0,2,1,7.57195414056713e-18,0.0,13158226,2.5780857544499127e-19,3.260599567173535e-16,0.0007906784323978603,-3023177785156664612,-4607911002256576538,142696168829704336,-4159893798303726493,-3793701145230259022,463845231162264074,"ArgumentError(""Month: -4607911002256576538 out of range (1:12)"")","ArgumentError(""Month: -3793701145230259022 out of range (1:12)"")"
113,0,2,2,1,5.045823712399596e-18,0.0,9689979,2.4790258384729466e-19,1.157915997370148e-18,0.21409375499632924,1116470359684150271,504737996241794031,3761993846704832052,883771886444407379,-1021186869183878225,4934412911955342153,"ArgumentError(""Month: 504737996241794031 out of range (1:12)"")","ArgumentError(""Month: -1021186869183878225 out of range (1:12)"")"
114,2,0,2,1,9.736375400062599e-18,0.0,16086775,2.446717327693315e-19,5.934693322062321e-17,0.004122735910544194,177414379465686417,-8087720377321476909,-5392222553145533023,1765560627158706,-6739821733093630152,-6395308136587467589,"ArgumentError(""Month: -8087720377321476909 out of range (1:12)"")","ArgumentError(""Month: -6739821733093630152 out of range (1:12)"")"
110,0,2,2,1,1.87355702423678e-17,0.0,27844460,2.271867619464262e-19,2.9417110858788062e-18,0.07722946112451301,2538975243576207899,71227427908846458,333296099571446843,1368653565613495158,1621993140606926415,613416510129330849,"ArgumentError(""Month: 71227427908846458 out of range (1:12)"")","ArgumentError(""Month: 1621993140606926415 out of range (1:12)"")"
112,0,1,2,1,4.797921128552301e-18,0.0,8951966,2.2476733830916534e-19,8.183668364547575e-18,0.02746535273629595,8031191519356972992,605081357210556826,570355624520466140,6903120847659759883,1802244880149637632,1887765724497173115,"ArgumentError(""Month: 605081357210556826 out of range (1:12)"")","ArgumentError(""Month: 1802244880149637632 out of range (1:12)"")"
116,0,1,2,1,6.520100762264204e-18,0.0,10742841,2.2372736763765297e-19,1.3911863481460586e-18,0.1608176848024706,-765117089441297410,-856064074823146100,-1250968392186182761,-1605653146675515656,916516489021281187,-1389839026325445607,"ArgumentError(""Month: -856064074823146100 out of range (1:12)"")","ArgumentError(""Month: 916516489021281187 out of range (1:12)"")"
112,1,0,2,1,1.0642848081722645e-17,0.0,18144727,2.208822075189892e-19,2.3330676030727935e-16,0.0009467458518050388,62524326339201530,8629972004788081533,296860294671493415,-571257117524096918,8026591751527992382,-1396648504366962013,"ArgumentError(""Month: 8629972004788081533 out of range (1:12)"")","ArgumentError(""Month: 8026591751527992382 out of range (1:12)"")"
111,0,0,2,1,6.799758134700172e-18,0.0,11559266,2.1634364663096234e-19,7.1647865260885e-17,0.00301954071964614,446063491341536920,6772761688803964939,1065475623736108026,1224538441800068447,5141304179187217286,74910324247464010,"ArgumentError(""Month: 6772761688803964939 out of range (1:12)"")","ArgumentError(""Month: 5141304179187217286 out of range (1:12)"")"
118,0,2,2,1,2.5543461335491976e-18,0.0,5594586,2.0663649670830562e-19,3.96725329710033e-19,0.520855315337028,-4994543820851947934,483074007464270984,-5529690016652962067,-4996195013607063093,-1691777239406311019,-5042835678699341858,"ArgumentError(""Month: 483074007464270984 out of range (1:12)"")","ArgumentError(""Month: -1691777239406311019 out of range (1:12)"")"
112,0,0,2,1,4.356241277602126e-18,0.0,8401685,2.0361776367256636e-19,4.215559259501303e-16,0.00048301482944081343,2646011964081976222,6289197891931764896,-751970033634100616,988761438756156999,5927286810030978272,182761064723971097,"ArgumentError(""Month: 6289197891931764896 out of range (1:12)"")","ArgumentError(""Month: 5927286810030978272 out of range (1:12)"")"
111,1,1,2,1,1.2807521944764692e-17,0.0,21801212,1.9169524047448766e-19,6.487056544265202e-17,0.002955041923350481,-378393880406967125,2057954629806446165,37217565725385550,-1679170063096643712,529298524525204297,178030750309382435,"ArgumentError(""Month: 2057954629806446165 out of range (1:12)"")","ArgumentError(""Month: 529298524525204297 out of range (1:12)"")"
111,0,1,2,1,1.1459867493719932e-17,0.0,21130443,1.9009953566853624e-19,3.309012549976338e-17,0.005744902226795592,2920532048239520507,965455854954219233,308331126024937555,4686436527791955506,2219774868934261466,713891722364781074,"ArgumentError(""Month: 965455854954219233 out of range (1:12)"")","ArgumentError(""Month: 2219774868934261466 out of range (1:12)"")"
117,1,0,2,1,1.5473016223962277e-18,0.0,2944870,1.893750942808224e-19,2.4815935522848568e-17,0.00763118900379398,-1466006600572114545,-5722529384179929278,-7392285220069321005,52416679475507883,-5488538393540236427,-8778660000857469047,"ArgumentError(""Month: -5722529384179929278 out of range (1:12)"")","ArgumentError(""Month: -5488538393540236427 out of range (1:12)"")"
116,0,2,2,1,1.1580135170485388e-18,0.0,1806381,1.8599768550814216e-19,3.9006607896785413e-19,0.476836350395571,6387238239966551252,854422854517892194,-1468305732329647566,7002813078156648160,-1241756455822916438,-1798335003490249371,"ArgumentError(""Month: 854422854517892194 out of range (1:12)"")","ArgumentError(""Month: -1241756455822916438 out of range (1:12)"")"
111,1,0,2,1,1.2987638534931045e-17,0.0,22117869,1.8011659016635308e-19,3.9163841373951566e-17,0.004599053204371092,97393388928842907,3557949794036871802,582396150682723523,254759487057843958,3034752708841224695,-1798586038666182719,"ArgumentError(""Month: 3557949794036871802 out of range (1:12)"")","ArgumentError(""Month: 3034752708841224695 out of range (1:12)"")"
110,0,1,2,1,1.0816534916140105e-17,0.0,19168273,1.7368683441746095e-19,1.741043444849508e-17,0.009976019549154561,844388920936747243,41821236631923559,8424507618185647826,-850413996312534092,619157567349112440,6710050226673560209,"ArgumentError(""Month: 41821236631923559 out of range (1:12)"")","ArgumentError(""Month: 619157567349112440 out of range (1:12)"")"
114,0,2,2,1,6.973135276978341e-18,0.0,12341559,1.7337714227816756e-19,4.3572951011092e-19,0.39790084962120736,1464738730768257851,538080866705236270,2945118189178937886,1666165839130713909,-1651681166136093456,4023811048861466493,"ArgumentError(""Month: 538080866705236270 out of range (1:12)"")","ArgumentError(""Month: -1651681166136093456 out of range (1:12)"")"
111,1,3,2,1,9.322262776901381e-18,0.0,15716645,1.7316191278772186e-19,2.0830349716848234e-18,0.08312962343002006,7911480016992952615,-835816199108480,7386149284314131607,5641824693326437948,-270750649869041854,8745862044374451953,"ArgumentError(""Month: -835816199108480 out of range (1:12)"")","ArgumentError(""Month: -270750649869041854 out of range (1:12)"")"
115,1,0,2,1,1.4362012999879627e-17,0.0,25881436,1.7087255307436885e-19,1.7648266021080582e-17,0.00968211567472205,-3017162917191057698,8225412382478500704,-1439452377963490533,-2153444256459347602,7564122784382856150,76620199342013312,"ArgumentError(""Month: 8225412382478500704 out of range (1:12)"")","ArgumentError(""Month: 7564122784382856150 out of range (1:12)"")"
117,1,3,2,1,3.617570220903828e-19,0.0,1241813,1.6962573904490145e-19,4.1043118196151634e-19,0.41328667630522825,-4778117097759489312,-2434843045348739769,-4477853050912240287,-4313614417724916831,81671942586629909,-3707194171060020630,"ArgumentError(""Month: -2434843045348739769 out of range (1:12)"")","ArgumentError(""Month: 81671942586629909 out of range (1:12)"")"
115,0,2,2,1,1.098145239773888e-17,0.0,19776358,1.649174815987748e-19,3.2919791221303763e-19,0.5009675805357169,1198918511658226677,-1641375531224827582,-4522112448823490304,566196392775195568,859038136269419981,-4994421547262635285,"ArgumentError(""Month: -1641375531224827582 out of range (1:12)"")","ArgumentError(""Month: 859038136269419981 out of range (1:12)"")"
114,1,1,2,1,2.18860837682568e-18,0.0,5187078,1.6115440105024007e-19,1.263591714934612e-17,0.012753676614489312,-4036009276869134424,-2254824982873324128,644385581430045597,-5203853900022637195,-134501388525242110,22284751604765579,"ArgumentError(""Month: -2254824982873324128 out of range (1:12)"")","ArgumentError(""Month: -134501388525242110 out of range (1:12)"")"
116,1,1,2,1,8.74826882745979e-18,0.0,14491073,1.5919766662960643e-19,1.8758352609211003e-18,0.08486761601412421,-3711073981839752293,-2214505689873621902,44361630331872442,-5684846883558925363,-693339970978372489,-1254555831490085609,"ArgumentError(""Month: -2214505689873621902 out of range (1:12)"")","ArgumentError(""Month: -693339970978372489 out of range (1:12)"")"
116,1,3,2,1,1.3019246059342957e-18,0.0,2042862,1.4391108888575687e-19,2.4067398234554286e-19,0.5979503371458714,-980230630078857724,-1994797941484271207,-3276119746608512993,-2188819007820054511,16798702314614597,-4490811415833384699,"ArgumentError(""Month: -1994797941484271207 out of range (1:12)"")","ArgumentError(""Month: 16798702314614597 out of range (1:12)"")"
112,0,2,2,1,1.340643528066668e-17,0.0,24489470,1.438691524593264e-19,2.7979054310423988e-18,0.051420305655479545,5308861277930474091,3084051673122998833,5897694027348823207,4249551840466905182,21489686124575680,5755953130393019789,"ArgumentError(""Month: 3084051673122998833 out of range (1:12)"")","ArgumentError(""Month: 21489686124575680 out of range (1:12)"")"
112,1,1,2,1,2.347709636840892e-18,0.0,5297191,1.2871393115422487e-19,3.496372049557394e-17,0.0036813568273009957,7017963892499398146,-1593140874821423730,481357382075555132,7444485457914574582,1889654869506126273,82261199227753783,"ArgumentError(""Month: -1593140874821423730 out of range (1:12)"")","ArgumentError(""Month: 1889654869506126273 out of range (1:12)"")"
113,0,3,2,1,1.921312830454813e-19,0.0,941737,1.274093057261948e-19,3.6651733120260863e-19,0.3476215034856392,1599069190650526824,-3144019391804145224,6827019113338076092,1166387175118133983,64572540668334436,7682647862789220847,"ArgumentError(""Month: -3144019391804145224 out of range (1:12)"")","ArgumentError(""Month: 64572540668334436 out of range (1:12)"")"
116,2,0,2,1,1.1227838759656652e-17,0.0,20591453,1.2530499216494226e-19,3.916866199323495e-18,0.03199113418441111,-2259619311699974708,-3538108623101318748,-3788703678627200492,5377963765224263,-5685137686221505740,-3585390629833518304,"ArgumentError(""Month: -3538108623101318748 out of range (1:12)"")","ArgumentError(""Month: -5685137686221505740 out of range (1:12)"")"
110,0,0,2,1,1.0312144618144097e-17,0.0,17069530,1.2432255569903814e-19,1.42698341726813e-15,8.712263519995618e-5,81314275141051112,6230591672400854018,557118467642794552,908339741043865946,8897918569669209780,2442771909783909755,"ArgumentError(""Month: 6230591672400854018 out of range (1:12)"")","ArgumentError(""Month: 8897918569669209780 out of range (1:12)"")"
118,0,1,2,1,8.151602738602846e-18,0.0,13509420,1.2370348089687368e-19,2.3969805322153814e-18,0.051608045720146996,-5695589225666592033,-1653407713798292398,-464490588050620946,-4413949829030622020,1057158664577585187,-2486617572454363644,"ArgumentError(""Month: -1653407713798292398 out of range (1:12)"")","ArgumentError(""Month: 1057158664577585187 out of range (1:12)"")"
117,0,2,2,1,1.110253376749171e-17,0.0,19937062,1.2108136975282923e-19,3.0344448061370647e-19,0.39902314093156727,-2124970350947979076,-2558598250492671183,-2375085755822384022,-894452877493640147,398154277626399561,-4217585070957672956,"ArgumentError(""Month: -2558598250492671183 out of range (1:12)"")","ArgumentError(""Month: 398154277626399561 out of range (1:12)"")"
113,2,2,2,1,1.885575548431742e-17,0.0,28151596,1.201852419496199e-19,5.019520322982874e-19,0.23943571141514824,-2586347807381302132,16294450756240171,-7721782550033221485,-4680342221609878,1458564628056138841,-6987826644355903519,"ArgumentError(""Month: 16294450756240171 out of range (1:12)"")","ArgumentError(""Month: 1458564628056138841 out of range (1:12)"")"
115,1,1,2,1,4.5731537902431354e-18,0.0,8950775,1.1994091667573845e-19,3.73260314663215e-18,0.03213331607030301,-4289799875965250005,-310160678200313852,2935488835597765682,-3781226816854285001,-2029020151729207917,95780129539795270,"ArgumentError(""Month: -310160678200313852 out of range (1:12)"")","ArgumentError(""Month: -2029020151729207917 out of range (1:12)"")"
116,2,4,2,1,9.491703667293268e-18,0.0,15989570,1.1568463826890864e-19,2.5698373771775627e-19,0.4501632644006618,-6050467476363024165,-1355098003016210099,-7909674040347477494,-8995869605880474809,9278294950120552,-6650613838947058682,"ArgumentError(""Month: -1355098003016210099 out of range (1:12)"")","ArgumentError(""Month: 9278294950120552 out of range (1:12)"")"
111,0,2,2,1,1.3262566128207352e-17,0.0,23680397,1.1456037609973714e-19,2.9614832617447804e-18,0.03868344541385083,1770800596856570833,823527447257991374,663858591512000701,504991977763104932,-2534230047848243168,288591459108135087,"ArgumentError(""Month: 823527447257991374 out of range (1:12)"")","ArgumentError(""Month: -2534230047848243168 out of range (1:12)"")"
112,2,4,2,1,4.029458204961249e-18,0.0,7362904,1.0976540158060143e-19,2.705942151562383e-19,0.40564578040673943,-2642511370527935824,-2847511128093646048,7431230242446317973,-97800873522430784,7185398435441254,6558752530976457787,"ArgumentError(""Month: -2847511128093646048 out of range (1:12)"")","ArgumentError(""Month: 7185398435441254 out of range (1:12)"")"
114,1,3,2,1,3.6313788973146185e-18,0.0,7115298,1.0083628813096421e-19,2.9452130504778e-19,0.34237349353930646,3362460061999934653,-2867482845082499342,1061106925855001359,3009658520974981437,71704814146497064,-1821780977075160330,"ArgumentError(""Month: -2867482845082499342 out of range (1:12)"")","ArgumentError(""Month: 71704814146497064 out of range (1:12)"")"
115,2,1,2,1,1.8508383480421373e-17,0.0,27821279,9.811345571295992e-20,1.3986403115870278e-18,0.07014916908953614,-6624399697195224335,1702798374001157652,-948163405215613,-5127210746645626087,-1205224826977287901,-3092261735430966768,"ArgumentError(""Month: 1702798374001157652 out of range (1:12)"")","ArgumentError(""Month: -1205224826977287901 out of range (1:12)"")"
112,1,2,2,1,1.7722364966165217e-17,0.0,27441059,9.712334597986126e-20,2.3063897658929244e-18,0.042110551918036164,3455988766361066140,3463607515096893400,-2194235874044815726,1622928844301673769,64804345802121108,142166445772868285,"ArgumentError(""Month: 3463607515096893400 out of range (1:12)"")","ArgumentError(""Month: 64804345802121108 out of range (1:12)"")"
116,1,2,2,1,4.453212873567397e-18,0.0,8855147,9.697159596527054e-20,2.042003158811564e-18,0.047488465209675555,-8394031944056534708,44772777622679967,-3647366548814737921,-4096603067439154825,-694537866383496751,-4050943328177602293,"ArgumentError(""Month: 44772777622679967 out of range (1:12)"")","ArgumentError(""Month: -694537866383496751 out of range (1:12)"")"
110,1,2,2,1,3.0983851432976955e-18,0.0,6202327,9.469096841925593e-20,2.0037180394943453e-17,0.004725763133976274,766721251955559092,200416688821176645,2878740740686525961,-2644635084984266240,5050206894448763,4918340194915985733,"ArgumentError(""Month: 200416688821176645 out of range (1:12)"")","ArgumentError(""Month: 5050206894448763 out of range (1:12)"")"
115,1,2,2,1,1.8360384512647344e-17,0.0,27740280,9.229633035282171e-20,7.613123739444602e-19,0.1212331935111237,-3722820106342970919,95722337592564753,-3073401532024641051,-6308209316925602173,2327010647966947056,-768326057523866695,"ArgumentError(""Month: 95722337592564753 out of range (1:12)"")","ArgumentError(""Month: 2327010647966947056 out of range (1:12)"")"
111,1,2,2,1,1.1547281115320274e-17,0.0,21281161,8.741362160034255e-20,2.865290581922571e-18,0.030507768444793894,2911757446928953251,-76232119928682475,73595774987953103,2009114172416377649,-4804096572949019495,884015974300414904,"ArgumentError(""Month: -76232119928682475 out of range (1:12)"")","ArgumentError(""Month: -4804096572949019495 out of range (1:12)"")"
112,3,4,2,1,5.12854923953966e-18,0.0,9773860,8.272552714006404e-20,1.5744642540389934e-18,0.05254201670685579,-4369440196499712785,3780502315839024,57190720907587197,-8269557788021763202,-1017144035603179207,3635753225357683848,"ArgumentError(""Month: 3780502315839024 out of range (1:12)"")","ArgumentError(""Month: -1017144035603179207 out of range (1:12)"")"
112,1,4,2,1,1.902348335459065e-17,0.0,28890184,8.137062010851612e-20,3.4432980052020533e-19,0.2363159389212996,5379260684613830397,4621781818024818,1455490639886545302,9149907404056811665,-1443070120464988382,4873701028131313485,"ArgumentError(""Month: 4621781818024818 out of range (1:12)"")","ArgumentError(""Month: -1443070120464988382 out of range (1:12)"")"
112,1,3,2,1,4.15262351392956e-18,0.0,7941218,7.61822085482111e-20,8.748197225446749e-19,0.08708332309497133,4604251118991795826,67345900572166169,-714948014246942805,7765548869730658347,-4289534075257191079,408340568658928654,"ArgumentError(""Month: 67345900572166169 out of range (1:12)"")","ArgumentError(""Month: -4289534075257191079 out of range (1:12)"")"
113,2,3,2,1,4.349438717930521e-19,0.0,1664220,7.31868497026693e-20,2.389858223346487e-18,0.030623929481551723,8008349889499794868,2499504588705233701,-3562836090179983451,2575362548843754606,5569213294903256,-3933811316808235161,"ArgumentError(""Month: 2499504588705233701 out of range (1:12)"")","ArgumentError(""Month: 5569213294903256 out of range (1:12)"")"
114,2,3,2,1,1.0380495973884638e-17,0.0,17806418,6.835135574054142e-20,2.664386307381877e-19,0.25653695768954,-1185944518645703232,-467045239565885,1655122638544700638,-4779235022230014922,3272841951608006540,-2565408754234799625,"ArgumentError(""Month: -467045239565885 out of range (1:12)"")","ArgumentError(""Month: 3272841951608006540 out of range (1:12)"")"
110,1,0,2,1,1.305258264876975e-17,0.0,23515047,6.494411383870507e-20,6.460900709912561e-16,0.00010051866876558763,4936970018358444561,8960684502548532585,2885024635226881037,34459699797796098,7029085820910850319,40536100505737862,"ArgumentError(""Month: 8960684502548532585 out of range (1:12)"")","ArgumentError(""Month: 7029085820910850319 out of range (1:12)"")"
115,4,5,2,1,6.472197731928652e-20,0.0,898917,6.472197731928652e-20,2.799104280221505e-19,0.23122388750077147,-6239075975579721016,-3277398191820239634,-1270309092821258945,-4640245493495537255,853231249852138,-6151325138882537847,"ArgumentError(""Month: -3277398191820239634 out of range (1:12)"")","ArgumentError(""Month: 853231249852138 out of range (1:12)"")"
114,4,0,2,1,4.990639093826077e-19,0.0,1706785,6.412003758955569e-20,1.170236132640063e-18,0.05479239257883819,846444277594830,-6958213501336340676,-3100775849337149874,-1100030999569754037,-2730828350808127752,1292672588814896999,"ArgumentError(""Month: -6958213501336340676 out of range (1:12)"")","ArgumentError(""Month: -2730828350808127752 out of range (1:12)"")"
111,2,2,2,1,1.9086885982699036e-17,0.0,28978684,6.340262810838297e-20,1.002932374913156e-17,0.006321725142622205,2285321009665875407,5100650230794333662,-1573442340148950691,-1632329246916160579,18663027284991571,1858266779949990,"ArgumentError(""Month: 5100650230794333662 out of range (1:12)"")","ArgumentError(""Month: 18663027284991571 out of range (1:12)"")"
113,2,0,2,1,6.58341448806921e-18,0.0,10939231,6.331372580500609e-20,3.258659054365982e-17,0.0019429380229324012,-8391864916166887898,5536535625143164167,4097366707702643741,-3420666734452933121,2924814298596760619,3233373728779178,"ArgumentError(""Month: 5536535625143164167 out of range (1:12)"")","ArgumentError(""Month: 2924814298596760619 out of range (1:12)"")"
113,3,4,2,1,1.6571424542131041e-18,0.0,3787429,5.914673490891465e-20,3.6893341591119355e-19,0.16031818305976364,-6543649345536207761,5808623726231252580,-1281399461815751546,-9128013586660977046,393885460042162,1298686305179717895,"ArgumentError(""Month: 5808623726231252580 out of range (1:12)"")","ArgumentError(""Month: 393885460042162 out of range (1:12)"")"
111,3,0,2,1,1.0164172544675744e-17,0.0,16527615,5.659211310838289e-20,2.00421857563215e-17,0.002823649765372182,119349682303547302,1282314054691398370,-8785976575108010656,974667613200261,7154762252877932156,-3495273940977359196,"ArgumentError(""Month: 1282314054691398370 out of range (1:12)"")","ArgumentError(""Month: 7154762252877932156 out of range (1:12)"")"
113,1,3,2,1,1.3579265281154053e-18,0.0,2268693,5.600192218110959e-20,3.2215891705649816e-19,0.17383322086126932,609688161369010829,86130218492623416,1515197521575777402,5452084558878190337,-3976998644776482739,-3541536823046739302,"ArgumentError(""Month: 86130218492623416 out of range (1:12)"")","ArgumentError(""Month: -3976998644776482739 out of range (1:12)"")"
113,2,1,2,1,8.589071160830182e-18,0.0,13986989,5.588643353190747e-20,4.391517871004257e-18,0.012725994786656146,-2624260391720070790,-2637174862381822540,-151686529566279687,8165962400900563,4806563888958519734,-446321238858244279,"ArgumentError(""Month: -2637174862381822540 out of range (1:12)"")","ArgumentError(""Month: 4806563888958519734 out of range (1:12)"")"
114,4,1,2,1,2.0274539757754397e-18,0.0,5140029,5.554706672507023e-20,2.1586694556735365e-18,0.025732085372810694,-7449104740508231689,-1577991273087506362,-2665087359007466336,-2692281770161207784,5440029258404351674,715537862173955,"ArgumentError(""Month: -1577991273087506362 out of range (1:12)"")","ArgumentError(""Month: 5440029258404351674 out of range (1:12)"")"
113,2,4,2,1,9.376019029024359e-18,0.0,15765081,5.375625212297824e-20,2.6032616323586677e-19,0.20649577228345176,1724240613046331434,-1679941983336782544,5211699353850555041,4589965933482913770,8876505758376635,-2387919868505097652,"ArgumentError(""Month: -1679941983336782544 out of range (1:12)"")","ArgumentError(""Month: 8876505758376635 out of range (1:12)"")"
114,2,4,2,1,8.801492320922175e-18,0.0,15042396,5.3223493462384535e-20,3.32145163671276e-19,0.16024166323571645,-5554534402475323041,-2794419021261707752,1471974808339988626,1847999026753159933,3108135186497842,-2027362394579351385,"ArgumentError(""Month: -2794419021261707752 out of range (1:12)"")","ArgumentError(""Month: 3108135186497842 out of range (1:12)"")"
112,2,1,2,1,1.3148005752107616e-17,0.0,23569479,5.262701412120719e-20,4.68094206217637e-18,0.011242825359119834,-471411473677455130,226606761983535384,-6157031409089569169,-3251487630114882018,4899619249161454085,3492200996171491,"ArgumentError(""Month: 226606761983535384 out of range (1:12)"")","ArgumentError(""Month: 4899619249161454085 out of range (1:12)"")"
112,2,0,2,1,1.5979957193041894e-18,0.0,3669353,5.0694096907961707e-20,1.8995647469175622e-17,0.0026687217158679844,516638499999274404,8907752925300917248,-2981211339612438090,-7646807573333642476,7384278373217270649,4649819825975126,"ArgumentError(""Month: 8907752925300917248 out of range (1:12)"")","ArgumentError(""Month: 7384278373217270649 out of range (1:12)"")"
110,1,3,2,1,1.8410270024708412e-17,0.0,27775386,4.9885512061068276e-20,2.1305361933615457e-18,0.023414533964034305,-927833122622547329,7292172018478099,-366413410583599901,709629596716441549,5219936827606557827,5346974661036576051,"ArgumentError(""Month: 7292172018478099 out of range (1:12)"")","ArgumentError(""Month: 5219936827606557827 out of range (1:12)"")"
110,2,3,2,1,1.8268088182294522e-17,0.0,27707644,4.869448245805111e-20,1.9741942277202665e-18,0.024665497332692472,4145987381554863295,2965264571279083,-2393667481658699642,86419617746845232,7366006774458782135,1603447310730675491,"ArgumentError(""Month: 2965264571279083 out of range (1:12)"")","ArgumentError(""Month: 7366006774458782135 out of range (1:12)"")"
112,2,3,2,1,4.076441305381349e-18,0.0,7720259,4.698310042009977e-20,1.2746300680018378e-18,0.036860185240845916,-7324618888124054294,2383932835291843,8381601192567766650,-2827878914831379527,2075710630160668565,283973068951644165,"ArgumentError(""Month: 2383932835291843 out of range (1:12)"")","ArgumentError(""Month: 2075710630160668565 out of range (1:12)"")"
110,1,4,2,1,1.8899704637285365e-17,0.0,28688784,4.394915296794472e-20,2.0935809719110223e-19,0.20992334931200632,6619509547269651744,1099212152311408,-942012245072674437,700472101361062766,-7753678660745158997,339323648213081903,"ArgumentError(""Month: 1099212152311408 out of range (1:12)"")","ArgumentError(""Month: -7753678660745158997 out of range (1:12)"")"
109,0,0,2,1,8.845407074182633e-18,0.0,15142027,4.391475326045867e-20,2.9556671509225875e-16,0.00014857814164477565,52629073886002643,8835373900214002877,600751971652864040,438172310472969417,-381337466762177143,956918325092562002,"ArgumentError(""Month: 8835373900214002877 out of range (1:12)"")","ArgumentError(""Month: -381337466762177143 out of range (1:12)"")"
111,2,4,2,1,1.3449700691386021e-17,0.0,24652317,4.326541071934099e-20,9.793526217526382e-20,0.44177561542556254,5211161660785315269,1120846436207751,680183518015886370,404578091901107532,-8122225249616023813,-3373518786240434774,"ArgumentError(""Month: 1120846436207751 out of range (1:12)"")","ArgumentError(""Month: -8122225249616023813 out of range (1:12)"")"
114,2,1,2,1,1.3095378737986408e-17,0.0,23568692,4.2796089216657076e-20,2.076685411982496e-18,0.02060788262378269,-2144645742258553111,2110760209468382180,5161178885659522410,-3138924634782070547,-4899707089206872680,-784338952042960,"ArgumentError(""Month: 2110760209468382180 out of range (1:12)"")","ArgumentError(""Month: -4899707089206872680 out of range (1:12)"")"
114,4,5,2,1,1.8942112734482135e-17,0.0,28706362,4.2408097196770584e-20,1.0373244668315108e-19,0.40882191207063073,-7540011224115368035,-6577576781761388692,-6047895694790934024,-5931845864501153187,471465568763206,1328768977213564874,"ArgumentError(""Month: -6577576781761388692 out of range (1:12)"")","ArgumentError(""Month: 471465568763206 out of range (1:12)"")"
111,2,0,2,1,1.1269767958051396e-17,0.0,20645276,4.192919839474431e-20,9.805216326195765e-17,0.00042762134969654493,58922084999150668,-1280530370350465980,4522941415656845858,2221141318294160348,-8933452729576595042,1815017239773751,"ArgumentError(""Month: -1280530370350465980 out of range (1:12)"")","ArgumentError(""Month: -8933452729576595042 out of range (1:12)"")"
112,2,2,2,1,2.006938110611005e-17,0.0,29257010,4.1475367574792625e-20,8.404678255826137e-18,0.004934795397556335,-7109798020815182709,-1868931342440722625,2824135419773665600,2823065291244698057,570261408817474777,7538547534304329,"ArgumentError(""Month: -1868931342440722625 out of range (1:12)"")","ArgumentError(""Month: 570261408817474777 out of range (1:12)"")"
115,2,4,2,1,1.0421965874203655e-17,0.0,17851970,4.14699003190171e-20,1.9668221855566016e-19,0.21084722667637243,-1313582497984665201,-8206322417937325305,2513924958289717430,-4096699956145323185,-524857866382924,-1072001047984973817,"ArgumentError(""Month: -8206322417937325305 out of range (1:12)"")","ArgumentError(""Month: -524857866382924 out of range (1:12)"")"
112,3,1,2,1,7.010862694152143e-18,0.0,12836955,3.772741717380267e-20,1.6901481184840193e-18,0.022321959100035756,128139054992375,2699189743716461087,4614773860917793140,-6036151636603969405,-8234750817300005192,6064154094711511048,"ArgumentError(""Month: 2699189743716461087 out of range (1:12)"")","ArgumentError(""Month: -8234750817300005192 out of range (1:12)"")"
112,5,1,2,1,8.882751536142662e-18,0.0,15295683,3.7344461960030015e-20,6.68162590527884e-19,0.055891279292553483,-2036052267595438293,4509156884244566579,-850055114884009781,69984876297146,-5591092193611058072,-6961346029100982996,"ArgumentError(""Month: 4509156884244566579 out of range (1:12)"")","ArgumentError(""Month: -5591092193611058072 out of range (1:12)"")"
109,2,1,2,1,2.002790573853526e-17,0.0,29200842,3.4381968613184996e-20,8.259951107187422e-17,0.00041624905725249896,992783675190149888,-6651528706867871124,5381494453652385998,661206678084395046,4016525975460159316,901596316805831,"ArgumentError(""Month: -6651528706867871124 out of range (1:12)"")","ArgumentError(""Month: 4016525975460159316 out of range (1:12)"")"
113,3,1,2,1,2.218995705686667e-18,0.0,5225683,3.038732886098691e-20,4.562454222118537e-18,0.006660303288890165,811655869188138,6262541323996429017,-3729744125697063215,4570456977997319655,-6360592376767626628,-5364983656617793837,"ArgumentError(""Month: 6262541323996429017 out of range (1:12)"")","ArgumentError(""Month: -6360592376767626628 out of range (1:12)"")"
111,3,1,2,1,1.58847340056857e-17,0.0,26185543,2.9584243419392e-20,3.649753504359381e-18,0.008105819580433484,-9050127231272647357,396616783150101864,-2506510443019079346,4136027708025716145,4907894135397917830,493533045768946,"ArgumentError(""Month: 396616783150101864 out of range (1:12)"")","ArgumentError(""Month: 4907894135397917830 out of range (1:12)"")"
110,2,1,2,1,1.8219393699836472e-17,0.0,27642546,2.9164005288441453e-20,2.1316328222796614e-17,0.0013681533228247157,-4799036259815370358,772393943488447005,-4655694623860169838,5570481553623286,57448884521153646,7445175608042719358,"ArgumentError(""Month: 772393943488447005 out of range (1:12)"")","ArgumentError(""Month: 57448884521153646 out of range (1:12)"")"
110,1,1,2,1,3.1273690921943213e-18,0.0,6275568,2.8983948896625776e-20,4.503386148886039e-17,0.0006436034561192418,-6610502074110862260,3828908895397452911,91481169971524813,5908400289381297059,562739176021230897,13223355032584807,"ArgumentError(""Month: 3828908895397452911 out of range (1:12)"")","ArgumentError(""Month: 562739176021230897 out of range (1:12)"")"
111,3,2,2,1,1.6852652731692546e-18,0.0,4415331,2.812281895615053e-20,2.1189547298419762e-19,0.1327202443737334,59101509426184699,769827344131597446,-503795654906366,-7791656089333612531,-6823740423235233468,-7972489792244316128,"ArgumentError(""Month: 769827344131597446 out of range (1:12)"")","ArgumentError(""Month: -6823740423235233468 out of range (1:12)"")"
111,5,5,2,1,1.0187822062445059e-17,0.0,16878805,2.3649517769315455e-20,1.5744414739143773e-18,0.015020893542976869,6203356659518634144,65174822896871,2873107851211258085,-5078504979006689904,2252292037235457689,-9198242023401917514,"ArgumentError(""Month: 65174822896871 out of range (1:12)"")","ArgumentError(""Month: 2252292037235457689 out of range (1:12)"")"
112,3,5,2,1,3.1473034461909915e-18,0.0,6729362,1.9934353996670256e-20,2.385742845912014e-19,0.08355617216175625,-6722498672035029634,-6252435268387675446,3965156011481355508,8964400383118437286,498346261804926,8355465463042816720,"ArgumentError(""Month: -6252435268387675446 out of range (1:12)"")","ArgumentError(""Month: 498346261804926 out of range (1:12)"")"
